-- user
INSERT INTO `user`
  (email, password, username, gender, birth_date, height, weight, target_weight, role, persona_id)
VALUES
  ('admin@admin.com', '$2a$10$Ul3upD/sqazPp0/1DGI1zu0fA.PBKfdzgBj4Qg4YzJY2e6Y/IxTxq', '관리자', 0, '2000-01-01', '180', '90', '40','ROLE_ADMIN', NULL),
  ('admin1@admin.com', '$2a$10$Ul3upD/sqazPp0/1DGI1zu0fA.PBKfdzgBj4Qg4YzJY2e6Y/IxTxq', '건강이', 0, '2000-01-01', '180', '90', '40','ROLE_USER', NULL);

-- question
INSERT INTO `question` (question_id,step_level, question_text) VALUES
(1,1, '하루 3끼를 일정하게 챙겨 먹나요?'),
(2,1, '한 끼 식사량이 많다고 느끼는 편인가요?'),
(3,1, '식사 속도가 빠르다는 얘기를 듣나요?'),
(4,1, '야식이나 군것질은 매일 하는 편인가요?'),
(5,1, '스트레스를 받으면 과식을 하나요?'),
(6,1, '채소 반찬을 매일 두 가지 이상 먹나요?'),
(7,1, '단백질(생선, 두부, 닭가슴살 등)을 자주 먹나요?'),
(8,1, '가공육(햄, 소시지)과 튀김류를 자주 먹나요?'),
(9,1, '단 음식(과자, 빵, 음료 등)을 자주 먹나요?'),
(10,1, '물을 하루 2L 이상 마시나요?'),
(11,1, '일주일에 3회 이상 운동을 하나요?'),
(12,1, '하루 활동량이 적은 편인가요?'),
(13,1, '체중 변동(±5kg)이 최근 6개월간 있었나요?'),
(14,1, '체중이나 허리둘레를 자주 체크하나요?'),
(15,1, '건강검진 결과를 챙겨보고 관리하나요?'),
(16,1, '가족 중 고혈압, 당뇨, 고지혈증 환자가 있나요?'),
(17,1, '음식을 짜게 먹는 편인가요?'),
(18,1, '식품 포장지의 영양정보를 거의 보지 않나요?'),
(19,1, '외식을 할 때 기름지거나 짠 음식을 선택하나요?'),
(20,1, '내 식습관은 꽤 건강하다고 생각하나요?');

-- persona
INSERT INTO persona (persona_id, name, disease_tags, description, recommendation) VALUES
(1, '헬시 히어로', '', '건강 관리가 잘 되어 있는 이상적인 상태입니다. 식단과 운동 습관이 균형 잡혀 있습니다.', '지금의 습관을 유지하세요! 정기 검진과 꾸준한 활동을 추천합니다.'),
(2, '야식폭주 초식이', 'obesity', '과식, 야식, 운동 부족으로 체중 증가 위험이 있는 타입입니다.', '저녁 식사 이후 간식을 줄이고, 하루 30분 이상 걷기 운동을 시작해보세요.'),
(3, '당중독 당나귀', 'diabetes', '단 음식을 자주 찾고 스트레스로 과식하는 경향이 강한 타입입니다.', '정제당 섭취를 줄이고, 3끼 규칙적인 식사를 통해 혈당 관리를 시작하세요.'),
(4, '짠맛헌터 짠내캡틴', 'hypertension', '짜게 먹고 활동량이 적어 혈압 상승이 우려되는 타입입니다.', '싱겁게 먹는 습관과 규칙적인 운동으로 혈압을 조절하세요.'),
(5, '튀김러버 기름곰', 'hyperlipidemia', '기름지고 가공된 음식을 자주 섭취해 혈중 지질 수치가 높을 수 있는 타입입니다.', '튀김·가공육 섭취를 줄이고 채소, 생선을 늘리세요.'),
(6, '폭식당르', 'obesity,diabetes', '야식과 단 음식을 동시에 즐기는 식습관으로 체중과 혈당 모두 위험한 상태입니다.', '간식과 야식 줄이기부터 시작해 GI지수 낮은 식단을 구성해보세요.'),
(7, '짠버거러버', 'obesity,hypertension', '짜고 기름진 식단을 자주 먹으며 운동량이 적은 타입입니다.', '소금 섭취를 줄이고 하루 만보 걷기를 도전해보세요.'),
(8, '기름먹보', 'obesity,hyperlipidemia', '체중이 늘고 지방 섭취가 많은 식습관으로 혈중 지질 수치가 높을 가능성이 있습니다.', '가공육 대신 생채소 위주 식단으로 교체해보세요.'),
(9, '단짠밸런스파괴자', 'diabetes,hypertension', '단짠 위주의 식단과 운동 부족으로 혈당과 혈압 모두 위험합니다.', '단짠 식단을 줄이고, 걷기 습관과 식단 일지를 병행하세요.'),
(10, '당기름러버', 'diabetes,hyperlipidemia', '단 음식과 기름진 음식을 자주 섭취하는 타입입니다.', '과자, 음료, 튀김을 줄이고 단백질 중심의 균형식으로 개선해보세요.'),
(11, '짠기름 수호자', 'hypertension,hyperlipidemia', '짠 음식과 기름진 음식 모두 좋아해 혈관 건강에 위험이 있는 타입입니다.', '포장·가공식품 섭취를 줄이고 저염, 저지방 식단을 실천하세요.'),
(12, '풀콤보 폭주형', 'obesity,diabetes,hypertension', '비만, 당뇨, 고혈압 위험이 동시에 있는 전방위 관리 필요 타입입니다.', '전문가 상담과 함께 체중, 혈압, 혈당 트래킹을 시작하세요.'),
(13, '지방단당 폭격기', 'obesity,diabetes,hyperlipidemia', '체중, 혈당, 콜레스테롤 모두 높을 가능성이 있는 고위험형입니다.', '식습관을 전면적으로 점검하고 체계적인 건강관리 루틴을 구성하세요.'),
(14, '혈관스나이퍼', 'hypertension,hyperlipidemia,diabetes', '혈관 건강에 치명적인 요소들이 동시에 있는 위험 상태입니다.', '지금이 가장 중요한 시점입니다. 반드시 병원 상담과 함께 집중적인 관리가 필요합니다.');


-- board
INSERT INTO board (
    board_id,user_id, title, content, view_count, like_count, image_url
) VALUES
(1,1, '첫 번째 게시글 제목', '안녕하세요! 이것은 첫 번째 게시글 내용입니다.', 10, 1, 'https://cdn.pixabay.com/photo/2020/03/16/12/46/food-4936947_1280.jpg'),
(2,2, '두 번째 게시글 제목', '이것은 두 번째 게시글 내용입니다', 0, 0, 'https://cdn.pixabay.com/photo/2021/11/01/15/52/spring-roll-6760871_1280.jpg');

-- comment
INSERT INTO comment (
    comment_id,board_id, user_id, content
) VALUES
(1,1, 1, '첫 번째 게시글에 대한 첫 번째 댓글입니다.'),
(2,1, 2, '첫번째 게시글에 달린 첫번째 댓글이에요!');


-- dish
INSERT INTO dish (
    dish_id, dish_name, ash_g, calcium_mg, calorie_kcal, carbohydrate_g, fat_g, fiber_g, folic_acid_mcg, 
    iron_mg, phosphorus_mg, potassium_mg, protein_g, saturated_fat_g, sodium_mg, 
    sugar_g, trans_fat_g, vitamin_a_mcg, vitamin_b1_mg, vitamin_b2_mg, vitamin_b3_mg, 
    vitamin_c_mg, vitamin_d_mcg, vitamin_e_mg
) VALUES
(1, '비빔밥', 5.0, 163.0, 431.0, 67.0, 10.0, 4.0, 58.0, 6.0, 240.0, 896.0, 20.0, 2.0, 1665.0, 15.0, 0.0, 329.0, 0.0, 1.0, 26.0, 55.0, 1.0, 5.0),
(2, '가다랭이국', 0.0, 15.0, 9.0, 1.0, 0.0, 1.0, 9.0, 0.0, 13.0, 141.0, 1.0, 0.0, 600.0, 1.0, 0.0, 7.0, 0.0, 0.0, 0.0, 2.0, 0.0, 0.0),
(3, '도토리묵무침', 0.0, 17.0, 69.0, 14.0, 1.0, 2.0, 0.0, 1.0, 36.0, 92.0, 1.0, 0.0, 407.0, 3.0, 0.0, 118.0, 0.0, 0.0, 2.0, 1.0, 0.0, 1.0),
(4, '시래기된장조림', 3.0, 271.0, 85.0, 11.0, 5.0, 9.0, 1.0, 12.0, 52.0, 29.0, 4.0, 0.0, 371.0, 2.0, 0.0, 595.0, 0.0, 0.0, 0.0, 0.0, 0.0, 1.0),
(5, '다시마튀각', 2.0, 68.0, 60.0, 6.0, 3.0, 3.0, 0.0, 0.0, 27.0, 494.0, 1.0, 0.0, 180.0, 0.0, 0.0, 11.0, 0.0, 0.0, 0.0, 6.0, 0.0, 0.0),
(6, '배추김치', 1.0, 23.0, 15.0, 2.0, 0.0, 1.0, 8.0, 0.0, 26.0, 149.0, 1.0, 0.0, 176.0, 1.0, 0.0, 0.0, 0.0, 0.0, 0.0, 2.0, 0.0, 0.0),
(7, 'ICE초코', 0.0, 3.0, 42.0, 7.0, 1.0, 0.0, 0.0, 0.0, 13.0, 12.0, 1.0, 0.0, 34.0, 5.0, 0.0, 0.0, 0.0, 0.0, 0.0, 0.0, 0.0, 0.0),
(8, '해물볶음우동', 7.0, 61.0, 470.0, 50.0, 15.0, 4.0, 74.0, 7.0, 197.0, 786.0, 14.0, 2.0, 980.0, 12.0, 2.0, 536.0, 7.0, 0.0, 17.0, 85.0, 0.0, 19.0),
(9, '쌀밥&후리가케', 8.0, 4.0, 456.0, 77.0, 8.0, 3.0, 42.0, 19.0, 91.0, 350.0, 29.0, 6.0, 1942.0, 10.0, 3.0, 967.0, 7.0, 6.0, 36.0, 37.0, 19.0, 47.0),
(10, '해물 가다랭이국', 9.0, 50.0, 112.0, 72.0, 10.0, 10.0, 29.0, 10.0, 263.0, 519.0, 8.0, 3.0, 331.0, 17.0, 1.0, 618.0, 0.0, 8.0, 14.0, 90.0, 2.0, 10.0),
(11, '옥수수빠스', 4.0, 55.0, 289.0, 3.0, 2.0, 7.0, 61.0, 2.0, 218.0, 371.0, 3.0, 0.0, 1707.0, 11.0, 2.0, 345.0, 2.0, 0.0, 25.0, 8.0, 16.0, 1.0),
(12, '샐러드', 2.0, 244.0, 86.0, 94.0, 12.0, 2.0, 18.0, 2.0, 208.0, 250.0, 16.0, 2.0, 309.0, 3.0, 2.0, 632.0, 0.0, 7.0, 44.0, 86.0, 5.0, 29.0),
(13, '단무지', 7.0, 167.0, 93.0, 32.0, 6.0, 5.0, 44.0, 10.0, 92.0, 753.0, 9.0, 0.0, 894.0, 25.0, 3.0, 506.0, 4.0, 7.0, 41.0, 90.0, 10.0, 34.0),
(14, '닭매운찜', 7.0, 42.0, 3.0, 16.0, 6.0, 1.0, 94.0, 6.0, 69.0, 482.0, 15.0, 4.0, 1466.0, 20.0, 0.0, 840.0, 6.0, 8.0, 1.0, 24.0, 11.0, 21.0),
(15, '차조밥', 5.0, 203.0, 202.0, 69.0, 7.0, 6.0, 88.0, 5.0, 238.0, 83.0, 7.0, 4.0, 1154.0, 18.0, 0.0, 157.0, 1.0, 0.0, 31.0, 63.0, 1.0, 38.0),
(16, '멸치육수', 2.0, 72.0, 230.0, 58.0, 7.0, 12.0, 40.0, 2.0, 242.0, 275.0, 9.0, 4.0, 360.0, 27.0, 4.0, 893.0, 7.0, 3.0, 36.0, 44.0, 19.0, 17.0),
(17, '부추전', 5.0, 282.0, 170.0, 11.0, 7.0, 4.0, 3.0, 13.0, 207.0, 75.0, 15.0, 0.0, 35.0, 22.0, 1.0, 860.0, 9.0, 0.0, 46.0, 40.0, 3.0, 35.0),
(18, '견파래볶음', 7.0, 253.0, 111.0, 20.0, 10.0, 2.0, 92.0, 9.0, 59.0, 422.0, 25.0, 3.0, 24.0, 28.0, 1.0, 228.0, 3.0, 6.0, 39.0, 45.0, 1.0, 2.0),
(19, '묵은지 김치', 5.0, 293.0, 254.0, 79.0, 3.0, 14.0, 31.0, 3.0, 91.0, 39.0, 12.0, 9.0, 1043.0, 15.0, 2.0, 225.0, 8.0, 0.0, 11.0, 14.0, 0.0, 10.0),
(20, '아이스티(레몬)', 9.0, 88.0, 452.0, 89.0, 12.0, 12.0, 55.0, 0.0, 48.0, 524.0, 26.0, 1.0, 1987.0, 5.0, 3.0, 255.0, 9.0, 6.0, 13.0, 44.0, 3.0, 45.0),
(21, '양지쌀국수', 1.0, 199.0, 486.0, 18.0, 3.0, 11.0, 88.0, 6.0, 246.0, 55.0, 11.0, 6.0, 1381.0, 12.0, 4.0, 641.0, 5.0, 9.0, 35.0, 9.0, 17.0, 3.0),
(22, '미니파인애플볶음밥', 5.0, 77.0, 265.0, 77.0, 2.0, 10.0, 42.0, 2.0, 275.0, 716.0, 11.0, 0.0, 884.0, 2.0, 2.0, 964.0, 1.0, 2.0, 14.0, 22.0, 5.0, 35.0),
(23, '달콤팥춘권', 2.0, 285.0, 35.0, 28.0, 14.0, 10.0, 29.0, 17.0, 188.0, 416.0, 27.0, 0.0, 1710.0, 13.0, 1.0, 547.0, 1.0, 3.0, 35.0, 48.0, 10.0, 20.0),
(24, '알새우칩', 9.0, 227.0, 91.0, 49.0, 12.0, 13.0, 47.0, 1.0, 209.0, 326.0, 10.0, 7.0, 762.0, 25.0, 4.0, 966.0, 5.0, 1.0, 40.0, 43.0, 7.0, 19.0),
(25, '그린 샐러드', 0.0, 258.0, 489.0, 28.0, 5.0, 2.0, 58.0, 5.0, 101.0, 232.0, 4.0, 8.0, 1166.0, 6.0, 1.0, 774.0, 3.0, 7.0, 29.0, 24.0, 5.0, 47.0),
(26, '사각단무지', 2.0, 130.0, 15.0, 14.0, 0.0, 12.0, 4.0, 17.0, 104.0, 989.0, 20.0, 5.0, 66.0, 3.0, 0.0, 183.0, 8.0, 8.0, 17.0, 63.0, 11.0, 15.0),
(27, '복숭아 아이스티', 1.0, 204.0, 75.0, 69.0, 17.0, 7.0, 13.0, 14.0, 254.0, 411.0, 19.0, 6.0, 298.0, 11.0, 4.0, 4.0, 0.0, 3.0, 1.0, 62.0, 15.0, 11.0);

-- 오늘 및 내일의 코스 스케줄 설정
-- 오늘의 코스 스케줄
INSERT INTO course_schedule (schedule_date, course_type, course_name) VALUES
(CURRENT_DATE(), 'A', '비빔밥&도토리묵무침'),
(CURRENT_DATE(), 'B', '해물볶음우동&옥수수빠스');

-- 내일의 코스 스케줄
INSERT INTO course_schedule (schedule_date, course_type, course_name) VALUES
(DATE_ADD(CURRENT_DATE(), INTERVAL 1 DAY), 'A', '닭매운찜&부추전'),
(DATE_ADD(CURRENT_DATE(), INTERVAL 1 DAY), 'B', '양지쌀국수&미니파인애플');

-- schedule_dish 테이블에 데이터 삽입
-- 오늘 A 코스 메뉴 (schedule_id = 1)
INSERT INTO schedule_dish (schedule_id, dish_id, serving_order) VALUES 
(1, 1, 1),  -- 비빔밥 (dish_id: 1)
(1, 2, 2),  -- 가다랭이국 (dish_id: 2)
(1, 3, 3),  -- 도토리묵무침 (dish_id: 3)
(1, 4, 4),  -- 시래기된장조림 (dish_id: 4)
(1, 5, 5),  -- 다시마튀각 (dish_id: 5)
(1, 6, 6),  -- 배추김치 (dish_id: 6)
(1, 7, 7);  -- ICE초코 (dish_id: 7)

-- 오늘 B 코스 메뉴 (schedule_id = 2)
INSERT INTO schedule_dish (schedule_id, dish_id, serving_order) VALUES 
(2, 8, 1),  -- 해물볶음우동 (dish_id: 8)
(2, 9, 2),  -- 쌀밥&후리가케 (dish_id: 9)
(2, 10, 3), -- 해물 가다랭이국 (dish_id: 10)
(2, 11, 4), -- 옥수수빠스 (dish_id: 11)
(2, 12, 5), -- 샐러드 (dish_id: 12)
(2, 13, 6), -- 단무지 (dish_id: 13)
(2, 7, 7);  -- ICE초코 (dish_id: 7, 재사용)

-- 내일 A 코스 메뉴 (schedule_id = 3)
INSERT INTO schedule_dish (schedule_id, dish_id, serving_order) VALUES 
(3, 14, 1), -- 닭매운찜 (dish_id: 14)
(3, 15, 2), -- 차조밥 (dish_id: 15)
(3, 16, 3), -- 멸치육수 (dish_id: 16)
(3, 17, 4), -- 부추전 (dish_id: 17)
(3, 18, 5), -- 견파래볶음 (dish_id: 18)
(3, 19, 6), -- 묵은지 김치 (dish_id: 19)
(3, 20, 7); -- 아이스티(레몬) (dish_id: 20)

-- 내일 B 코스 메뉴 (schedule_id = 4)
INSERT INTO schedule_dish (schedule_id, dish_id, serving_order) VALUES 
(4, 21, 1), -- 양지쌀국수 (dish_id: 21)
(4, 22, 2), -- 미니파인애플볶음밥 (dish_id: 22)
(4, 23, 3), -- 달콤팥춘권 (dish_id: 23)
(4, 24, 4), -- 알새우칩 (dish_id: 24)
(4, 25, 5), -- 그린 샐러드 (dish_id: 25)
(4, 26, 6), -- 사각단무지 (dish_id: 26)
(4, 27, 7); -- 복숭아 아이스티 (dish_id: 27)


